公立・私立区分,学校,学年,年齢,学習費区分1,学習費区分2,学習費区分3,学習費区分4,学習費
公立,幼稚園,1,3,学習費総額,学校教育費,学校教育費,入学金・入園料,1025.0
公立,幼稚園,1,3,学習費総額,学校教育費,学校教育費,入学時に納付した施設整備費等,727.0
公立,幼稚園,1,3,学習費総額,学校教育費,学校教育費,入学検定料,97.0
公立,幼稚園,1,3,学習費総額,学校教育費,学校教育費,授業料,4223.0
公立,幼稚園,1,3,学習費総額,学校教育費,学校教育費,施設整備費等,0.0
公立,幼稚園,1,3,学習費総額,学校教育費,学校教育費,修学旅行費,0.0
公立,幼稚園,1,3,学習費総額,学校教育費,学校教育費,校外学習費,1040.0
公立,幼稚園,1,3,学習費総額,学校教育費,学校教育費,学級・児童会・生徒会費,1798.0
公立,幼稚園,1,3,学習費総額,学校教育費,学校教育費,その他の学校納付金,1715.0
公立,幼稚園,1,3,学習費総額,学校教育費,学校教育費,PTA会費,4189.0
公立,幼稚園,1,3,学習費総額,学校教育費,学校教育費,後援会費,127.0
公立,幼稚園,1,3,学習費総額,学校教育費,学校教育費,寄附金,146.0
公立,幼稚園,1,3,学習費総額,学校教育費,学校教育費,教科書費・教科書以外の図書費,3134.0
公立,幼稚園,1,3,学習費総額,学校教育費,学校教育費,学用品・実験実習材料費,12588.0
公立,幼稚園,1,3,学習費総額,学校教育費,学校教育費,教科外活動費,614.0
公立,幼稚園,1,3,学習費総額,学校教育費,学校教育費,通学費,13857.0
公立,幼稚園,1,3,学習費総額,学校教育費,学校教育費,制服,6225.0
公立,幼稚園,1,3,学習費総額,学校教育費,学校教育費,通学用品費,11430.0
公立,幼稚園,1,3,学習費総額,学校教育費,学校教育費,その他学校教育費,16076.0
公立,幼稚園,1,3,学習費総額,学校給食費,学校給食費,学校給食費,14951.0
公立,幼稚園,1,3,学習費総額,学校外活動費,補助学習費,家庭内学習費,5897.0
公立,幼稚園,1,3,学習費総額,学校外活動費,補助学習費,通信教育・家庭教師費,6568.0
公立,幼稚園,1,3,学習費総額,学校外活動費,補助学習費,学習塾費,6109.0
公立,幼稚園,1,3,学習費総額,学校外活動費,補助学習費,その他補助学習費,347.0
公立,幼稚園,1,3,学習費総額,学校外活動費,その他の学校外活動費,体験活動・地域活動,2566.0
公立,幼稚園,1,3,学習費総額,学校外活動費,その他の学校外活動費,芸術文化活動,4331.0
公立,幼稚園,1,3,学習費総額,学校外活動費,その他の学校外活動費,スポーツ・レクリエーション活動,11960.0
公立,幼稚園,1,3,学習費総額,学校外活動費,その他の学校外活動費,国際交流体験活動,47.0
公立,幼稚園,1,3,学習費総額,学校外活動費,その他の学校外活動費,教養・その他,17804.0
公立,幼稚園,2,4,学習費総額,学校教育費,学校教育費,入学金・入園料,322.0
公立,幼稚園,2,4,学習費総額,学校教育費,学校教育費,入学時に納付した施設整備費等,59.0
公立,幼稚園,2,4,学習費総額,学校教育費,学校教育費,入学検定料,13.0
公立,幼稚園,2,4,学習費総額,学校教育費,学校教育費,授業料,5929.0
公立,幼稚園,2,4,学習費総額,学校教育費,学校教育費,施設整備費等,0.0
公立,幼稚園,2,4,学習費総額,学校教育費,学校教育費,修学旅行費,0.0
公立,幼稚園,2,4,学習費総額,学校教育費,学校教育費,校外学習費,1441.0
公立,幼稚園,2,4,学習費総額,学校教育費,学校教育費,学級・児童会・生徒会費,1728.0
公立,幼稚園,2,4,学習費総額,学校教育費,学校教育費,その他の学校納付金,1620.0
公立,幼稚園,2,4,学習費総額,学校教育費,学校教育費,PTA会費,4004.0
公立,幼稚園,2,4,学習費総額,学校教育費,学校教育費,後援会費,63.0
公立,幼稚園,2,4,学習費総額,学校教育費,学校教育費,寄附金,81.0
公立,幼稚園,2,4,学習費総額,学校教育費,学校教育費,教科書費・教科書以外の図書費,2899.0
公立,幼稚園,2,4,学習費総額,学校教育費,学校教育費,学用品・実験実習材料費,8869.0
公立,幼稚園,2,4,学習費総額,学校教育費,学校教育費,教科外活動費,448.0
公立,幼稚園,2,4,学習費総額,学校教育費,学校教育費,通学費,6564.0
公立,幼稚園,2,4,学習費総額,学校教育費,学校教育費,制服,2539.0
公立,幼稚園,2,4,学習費総額,学校教育費,学校教育費,通学用品費,7275.0
公立,幼稚園,2,4,学習費総額,学校教育費,学校教育費,その他学校教育費,10624.0
公立,幼稚園,2,4,学習費総額,学校給食費,学校給食費,学校給食費,14649.0
公立,幼稚園,2,4,学習費総額,学校外活動費,補助学習費,家庭内学習費,6948.0
公立,幼稚園,2,4,学習費総額,学校外活動費,補助学習費,通信教育・家庭教師費,9805.0
公立,幼稚園,2,4,学習費総額,学校外活動費,補助学習費,学習塾費,14313.0
公立,幼稚園,2,4,学習費総額,学校外活動費,補助学習費,その他補助学習費,820.0
公立,幼稚園,2,4,学習費総額,学校外活動費,その他の学校外活動費,体験活動・地域活動,5080.0
公立,幼稚園,2,4,学習費総額,学校外活動費,その他の学校外活動費,芸術文化活動,12801.0
公立,幼稚園,2,4,学習費総額,学校外活動費,その他の学校外活動費,スポーツ・レクリエーション活動,25161.0
公立,幼稚園,2,4,学習費総額,学校外活動費,その他の学校外活動費,国際交流体験活動,885.0
公立,幼稚園,2,4,学習費総額,学校外活動費,その他の学校外活動費,教養・その他,22029.0
公立,幼稚園,3,5,学習費総額,学校教育費,学校教育費,入学金・入園料,0.0
公立,幼稚園,3,5,学習費総額,学校教育費,学校教育費,入学時に納付した施設整備費等,0.0
公立,幼稚園,3,5,学習費総額,学校教育費,学校教育費,入学検定料,0.0
公立,幼稚園,3,5,学習費総額,学校教育費,学校教育費,授業料,5610.0
公立,幼稚園,3,5,学習費総額,学校教育費,学校教育費,施設整備費等,0.0
公立,幼稚園,3,5,学習費総額,学校教育費,学校教育費,修学旅行費,0.0
公立,幼稚園,3,5,学習費総額,学校教育費,学校教育費,校外学習費,1751.0
公立,幼稚園,3,5,学習費総額,学校教育費,学校教育費,学級・児童会・生徒会費,1891.0
公立,幼稚園,3,5,学習費総額,学校教育費,学校教育費,その他の学校納付金,1458.0
公立,幼稚園,3,5,学習費総額,学校教育費,学校教育費,PTA会費,3839.0
公立,幼稚園,3,5,学習費総額,学校教育費,学校教育費,後援会費,132.0
公立,幼稚園,3,5,学習費総額,学校教育費,学校教育費,寄附金,219.0
公立,幼稚園,3,5,学習費総額,学校教育費,学校教育費,教科書費・教科書以外の図書費,2873.0
公立,幼稚園,3,5,学習費総額,学校教育費,学校教育費,学用品・実験実習材料費,10213.0
公立,幼稚園,3,5,学習費総額,学校教育費,学校教育費,教科外活動費,1405.0
公立,幼稚園,3,5,学習費総額,学校教育費,学校教育費,通学費,6891.0
公立,幼稚園,3,5,学習費総額,学校教育費,学校教育費,制服,2496.0
公立,幼稚園,3,5,学習費総額,学校教育費,学校教育費,通学用品費,22918.0
公立,幼稚園,3,5,学習費総額,学校教育費,学校教育費,その他学校教育費,14392.0
公立,幼稚園,3,5,学習費総額,学校給食費,学校給食費,学校給食費,15829.0
公立,幼稚園,3,5,学習費総額,学校外活動費,補助学習費,家庭内学習費,11879.0
公立,幼稚園,3,5,学習費総額,学校外活動費,補助学習費,通信教育・家庭教師費,11502.0
公立,幼稚園,3,5,学習費総額,学校外活動費,補助学習費,学習塾費,18034.0
公立,幼稚園,3,5,学習費総額,学校外活動費,補助学習費,その他補助学習費,862.0
公立,幼稚園,3,5,学習費総額,学校外活動費,その他の学校外活動費,体験活動・地域活動,3506.0
公立,幼稚園,3,5,学習費総額,学校外活動費,その他の学校外活動費,芸術文化活動,17115.0
公立,幼稚園,3,5,学習費総額,学校外活動費,その他の学校外活動費,スポーツ・レクリエーション活動,34947.0
公立,幼稚園,3,5,学習費総額,学校外活動費,その他の学校外活動費,国際交流体験活動,1597.0
公立,幼稚園,3,5,学習費総額,学校外活動費,その他の学校外活動費,教養・その他,24258.0
公立,小学校,1,6,学習費総額,学校教育費,学校教育費,入学金・入園料,2140.0
公立,小学校,1,6,学習費総額,学校教育費,学校教育費,入学時に納付した施設整備費等,4175.0
公立,小学校,1,6,学習費総額,学校教育費,学校教育費,入学検定料,253.0
公立,小学校,1,6,学習費総額,学校教育費,学校教育費,授業料,0.0
公立,小学校,1,6,学習費総額,学校教育費,学校教育費,施設整備費等,0.0
公立,小学校,1,6,学習費総額,学校教育費,学校教育費,修学旅行費,0.0
公立,小学校,1,6,学習費総額,学校教育費,学校教育費,校外学習費,1408.0
公立,小学校,1,6,学習費総額,学校教育費,学校教育費,学級・児童会・生徒会費,2560.0
公立,小学校,1,6,学習費総額,学校教育費,学校教育費,その他の学校納付金,2827.0
公立,小学校,1,6,学習費総額,学校教育費,学校教育費,PTA会費,2745.0
公立,小学校,1,6,学習費総額,学校教育費,学校教育費,後援会費,85.0
公立,小学校,1,6,学習費総額,学校教育費,学校教育費,寄附金,62.0
公立,小学校,1,6,学習費総額,学校教育費,学校教育費,教科書費・教科書以外の図書費,5672.0
公立,小学校,1,6,学習費総額,学校教育費,学校教育費,学用品・実験実習材料費,46073.0
公立,小学校,1,6,学習費総額,学校教育費,学校教育費,教科外活動費,2109.0
公立,小学校,1,6,学習費総額,学校教育費,学校教育費,通学費,1923.0
公立,小学校,1,6,学習費総額,学校教育費,学校教育費,制服,2555.0
公立,小学校,1,6,学習費総額,学校教育費,学校教育費,通学用品費,73472.0
公立,小学校,1,6,学習費総額,学校教育費,学校教育費,その他学校教育費,11894.0
公立,小学校,1,6,学習費総額,学校給食費,学校給食費,学校給食費,39313.0
公立,小学校,1,6,学習費総額,学校外活動費,補助学習費,家庭内学習費,31072.0
公立,小学校,1,6,学習費総額,学校外活動費,補助学習費,通信教育・家庭教師費,20302.0
公立,小学校,1,6,学習費総額,学校外活動費,補助学習費,学習塾費,24839.0
公立,小学校,1,6,学習費総額,学校外活動費,補助学習費,その他補助学習費,760.0
公立,小学校,1,6,学習費総額,学校外活動費,その他の学校外活動費,体験活動・地域活動,7567.0
公立,小学校,1,6,学習費総額,学校外活動費,その他の学校外活動費,芸術文化活動,35850.0
公立,小学校,1,6,学習費総額,学校外活動費,その他の学校外活動費,スポーツ・レクリエーション活動,45644.0
公立,小学校,1,6,学習費総額,学校外活動費,その他の学校外活動費,国際交流体験活動,404.0
公立,小学校,1,6,学習費総額,学校外活動費,その他の学校外活動費,教養・その他,32564.0
公立,小学校,2,7,学習費総額,学校教育費,学校教育費,入学金・入園料,0.0
公立,小学校,2,7,学習費総額,学校教育費,学校教育費,入学時に納付した施設整備費等,0.0
公立,小学校,2,7,学習費総額,学校教育費,学校教育費,入学検定料,0.0
公立,小学校,2,7,学習費総額,学校教育費,学校教育費,授業料,0.0
公立,小学校,2,7,学習費総額,学校教育費,学校教育費,施設整備費等,0.0
公立,小学校,2,7,学習費総額,学校教育費,学校教育費,修学旅行費,0.0
公立,小学校,2,7,学習費総額,学校教育費,学校教育費,校外学習費,872.0
公立,小学校,2,7,学習費総額,学校教育費,学校教育費,学級・児童会・生徒会費,2171.0
公立,小学校,2,7,学習費総額,学校教育費,学校教育費,その他の学校納付金,1870.0
公立,小学校,2,7,学習費総額,学校教育費,学校教育費,PTA会費,2303.0
公立,小学校,2,7,学習費総額,学校教育費,学校教育費,後援会費,48.0
公立,小学校,2,7,学習費総額,学校教育費,学校教育費,寄附金,1730.0
公立,小学校,2,7,学習費総額,学校教育費,学校教育費,教科書費・教科書以外の図書費,7038.0
公立,小学校,2,7,学習費総額,学校教育費,学校教育費,学用品・実験実習材料費,20113.0
公立,小学校,2,7,学習費総額,学校教育費,学校教育費,教科外活動費,1032.0
公立,小学校,2,7,学習費総額,学校教育費,学校教育費,通学費,1330.0
公立,小学校,2,7,学習費総額,学校教育費,学校教育費,制服,425.0
公立,小学校,2,7,学習費総額,学校教育費,学校教育費,通学用品費,10380.0
公立,小学校,2,7,学習費総額,学校教育費,学校教育費,その他学校教育費,4095.0
公立,小学校,2,7,学習費総額,学校給食費,学校給食費,学校給食費,40508.0
公立,小学校,2,7,学習費総額,学校外活動費,補助学習費,家庭内学習費,9901.0
公立,小学校,2,7,学習費総額,学校外活動費,補助学習費,通信教育・家庭教師費,18671.0
公立,小学校,2,7,学習費総額,学校外活動費,補助学習費,学習塾費,27898.0
公立,小学校,2,7,学習費総額,学校外活動費,補助学習費,その他補助学習費,1384.0
公立,小学校,2,7,学習費総額,学校外活動費,その他の学校外活動費,体験活動・地域活動,11309.0
公立,小学校,2,7,学習費総額,学校外活動費,その他の学校外活動費,芸術文化活動,28663.0
公立,小学校,2,7,学習費総額,学校外活動費,その他の学校外活動費,スポーツ・レクリエーション活動,50394.0
公立,小学校,2,7,学習費総額,学校外活動費,その他の学校外活動費,国際交流体験活動,256.0
公立,小学校,2,7,学習費総額,学校外活動費,その他の学校外活動費,教養・その他,25746.0
公立,小学校,3,8,学習費総額,学校教育費,学校教育費,入学金・入園料,0.0
公立,小学校,3,8,学習費総額,学校教育費,学校教育費,入学時に納付した施設整備費等,0.0
公立,小学校,3,8,学習費総額,学校教育費,学校教育費,入学検定料,0.0
公立,小学校,3,8,学習費総額,学校教育費,学校教育費,授業料,0.0
公立,小学校,3,8,学習費総額,学校教育費,学校教育費,施設整備費等,0.0
公立,小学校,3,8,学習費総額,学校教育費,学校教育費,修学旅行費,0.0
公立,小学校,3,8,学習費総額,学校教育費,学校教育費,校外学習費,1905.0
公立,小学校,3,8,学習費総額,学校教育費,学校教育費,学級・児童会・生徒会費,1714.0
公立,小学校,3,8,学習費総額,学校教育費,学校教育費,その他の学校納付金,3741.0
公立,小学校,3,8,学習費総額,学校教育費,学校教育費,PTA会費,2029.0
公立,小学校,3,8,学習費総額,学校教育費,学校教育費,後援会費,15.0
公立,小学校,3,8,学習費総額,学校教育費,学校教育費,寄附金,225.0
公立,小学校,3,8,学習費総額,学校教育費,学校教育費,教科書費・教科書以外の図書費,5047.0
公立,小学校,3,8,学習費総額,学校教育費,学校教育費,学用品・実験実習材料費,24208.0
公立,小学校,3,8,学習費総額,学校教育費,学校教育費,教科外活動費,1033.0
公立,小学校,3,8,学習費総額,学校教育費,学校教育費,通学費,504.0
公立,小学校,3,8,学習費総額,学校教育費,学校教育費,制服,533.0
公立,小学校,3,8,学習費総額,学校教育費,学校教育費,通学用品費,7714.0
公立,小学校,3,8,学習費総額,学校教育費,学校教育費,その他学校教育費,4457.0
公立,小学校,3,8,学習費総額,学校給食費,学校給食費,学校給食費,39184.0
公立,小学校,3,8,学習費総額,学校外活動費,補助学習費,家庭内学習費,11078.0
公立,小学校,3,8,学習費総額,学校外活動費,補助学習費,通信教育・家庭教師費,26902.0
公立,小学校,3,8,学習費総額,学校外活動費,補助学習費,学習塾費,40776.0
公立,小学校,3,8,学習費総額,学校外活動費,補助学習費,その他補助学習費,897.0
公立,小学校,3,8,学習費総額,学校外活動費,その他の学校外活動費,体験活動・地域活動,3645.0
公立,小学校,3,8,学習費総額,学校外活動費,その他の学校外活動費,芸術文化活動,29410.0
公立,小学校,3,8,学習費総額,学校外活動費,その他の学校外活動費,スポーツ・レクリエーション活動,64966.0
公立,小学校,3,8,学習費総額,学校外活動費,その他の学校外活動費,国際交流体験活動,107.0
公立,小学校,3,8,学習費総額,学校外活動費,その他の学校外活動費,教養・その他,25371.0
公立,小学校,4,9,学習費総額,学校教育費,学校教育費,入学金・入園料,0.0
公立,小学校,4,9,学習費総額,学校教育費,学校教育費,入学時に納付した施設整備費等,0.0
公立,小学校,4,9,学習費総額,学校教育費,学校教育費,入学検定料,0.0
公立,小学校,4,9,学習費総額,学校教育費,学校教育費,授業料,0.0
公立,小学校,4,9,学習費総額,学校教育費,学校教育費,施設整備費等,0.0
公立,小学校,4,9,学習費総額,学校教育費,学校教育費,修学旅行費,0.0
公立,小学校,4,9,学習費総額,学校教育費,学校教育費,校外学習費,1759.0
公立,小学校,4,9,学習費総額,学校教育費,学校教育費,学級・児童会・生徒会費,2468.0
公立,小学校,4,9,学習費総額,学校教育費,学校教育費,その他の学校納付金,2678.0
公立,小学校,4,9,学習費総額,学校教育費,学校教育費,PTA会費,3697.0
公立,小学校,4,9,学習費総額,学校教育費,学校教育費,後援会費,39.0
公立,小学校,4,9,学習費総額,学校教育費,学校教育費,寄附金,248.0
公立,小学校,4,9,学習費総額,学校教育費,学校教育費,教科書費・教科書以外の図書費,4975.0
公立,小学校,4,9,学習費総額,学校教育費,学校教育費,学用品・実験実習材料費,24274.0
公立,小学校,4,9,学習費総額,学校教育費,学校教育費,教科外活動費,3618.0
公立,小学校,4,9,学習費総額,学校教育費,学校教育費,通学費,1012.0
公立,小学校,4,9,学習費総額,学校教育費,学校教育費,制服,905.0
公立,小学校,4,9,学習費総額,学校教育費,学校教育費,通学用品費,9740.0
公立,小学校,4,9,学習費総額,学校教育費,学校教育費,その他学校教育費,5098.0
公立,小学校,4,9,学習費総額,学校給食費,学校給食費,学校給食費,35662.0
公立,小学校,4,9,学習費総額,学校外活動費,補助学習費,家庭内学習費,9709.0
公立,小学校,4,9,学習費総額,学校外活動費,補助学習費,通信教育・家庭教師費,15700.0
公立,小学校,4,9,学習費総額,学校外活動費,補助学習費,学習塾費,53250.0
公立,小学校,4,9,学習費総額,学校外活動費,補助学習費,その他補助学習費,1696.0
公立,小学校,4,9,学習費総額,学校外活動費,その他の学校外活動費,体験活動・地域活動,4507.0
公立,小学校,4,9,学習費総額,学校外活動費,その他の学校外活動費,芸術文化活動,23841.0
公立,小学校,4,9,学習費総額,学校外活動費,その他の学校外活動費,スポーツ・レクリエーション活動,67195.0
公立,小学校,4,9,学習費総額,学校外活動費,その他の学校外活動費,国際交流体験活動,952.0
公立,小学校,4,9,学習費総額,学校外活動費,その他の学校外活動費,教養・その他,32380.0
公立,小学校,5,10,学習費総額,学校教育費,学校教育費,入学金・入園料,0.0
公立,小学校,5,10,学習費総額,学校教育費,学校教育費,入学時に納付した施設整備費等,0.0
公立,小学校,5,10,学習費総額,学校教育費,学校教育費,入学検定料,0.0
公立,小学校,5,10,学習費総額,学校教育費,学校教育費,授業料,0.0
公立,小学校,5,10,学習費総額,学校教育費,学校教育費,施設整備費等,0.0
公立,小学校,5,10,学習費総額,学校教育費,学校教育費,修学旅行費,31.0
公立,小学校,5,10,学習費総額,学校教育費,学校教育費,校外学習費,5996.0
公立,小学校,5,10,学習費総額,学校教育費,学校教育費,学級・児童会・生徒会費,3311.0
公立,小学校,5,10,学習費総額,学校教育費,学校教育費,その他の学校納付金,4012.0
公立,小学校,5,10,学習費総額,学校教育費,学校教育費,PTA会費,2701.0
公立,小学校,5,10,学習費総額,学校教育費,学校教育費,後援会費,19.0
公立,小学校,5,10,学習費総額,学校教育費,学校教育費,寄附金,305.0
公立,小学校,5,10,学習費総額,学校教育費,学校教育費,教科書費・教科書以外の図書費,6594.0
公立,小学校,5,10,学習費総額,学校教育費,学校教育費,学用品・実験実習材料費,26829.0
公立,小学校,5,10,学習費総額,学校教育費,学校教育費,教科外活動費,5434.0
公立,小学校,5,10,学習費総額,学校教育費,学校教育費,通学費,763.0
公立,小学校,5,10,学習費総額,学校教育費,学校教育費,制服,448.0
公立,小学校,5,10,学習費総額,学校教育費,学校教育費,通学用品費,9363.0
公立,小学校,5,10,学習費総額,学校教育費,学校教育費,その他学校教育費,6506.0
公立,小学校,5,10,学習費総額,学校給食費,学校給食費,学校給食費,39105.0
公立,小学校,5,10,学習費総額,学校外活動費,補助学習費,家庭内学習費,12984.0
公立,小学校,5,10,学習費総額,学校外活動費,補助学習費,通信教育・家庭教師費,24475.0
公立,小学校,5,10,学習費総額,学校外活動費,補助学習費,学習塾費,79469.0
公立,小学校,5,10,学習費総額,学校外活動費,補助学習費,その他補助学習費,1519.0
公立,小学校,5,10,学習費総額,学校外活動費,その他の学校外活動費,体験活動・地域活動,5472.0
公立,小学校,5,10,学習費総額,学校外活動費,その他の学校外活動費,芸術文化活動,25072.0
公立,小学校,5,10,学習費総額,学校外活動費,その他の学校外活動費,スポーツ・レクリエーション活動,54732.0
公立,小学校,5,10,学習費総額,学校外活動費,その他の学校外活動費,国際交流体験活動,809.0
公立,小学校,5,10,学習費総額,学校外活動費,その他の学校外活動費,教養・その他,38488.0
公立,小学校,6,11,学習費総額,学校教育費,学校教育費,入学金・入園料,0.0
公立,小学校,6,11,学習費総額,学校教育費,学校教育費,入学時に納付した施設整備費等,0.0
公立,小学校,6,11,学習費総額,学校教育費,学校教育費,入学検定料,0.0
公立,小学校,6,11,学習費総額,学校教育費,学校教育費,授業料,0.0
公立,小学校,6,11,学習費総額,学校教育費,学校教育費,施設整備費等,0.0
公立,小学校,6,11,学習費総額,学校教育費,学校教育費,修学旅行費,21986.0
公立,小学校,6,11,学習費総額,学校教育費,学校教育費,校外学習費,1960.0
公立,小学校,6,11,学習費総額,学校教育費,学校教育費,学級・児童会・生徒会費,2787.0
公立,小学校,6,11,学習費総額,学校教育費,学校教育費,その他の学校納付金,2478.0
公立,小学校,6,11,学習費総額,学校教育費,学校教育費,PTA会費,2677.0
公立,小学校,6,11,学習費総額,学校教育費,学校教育費,後援会費,46.0
公立,小学校,6,11,学習費総額,学校教育費,学校教育費,寄附金,30.0
公立,小学校,6,11,学習費総額,学校教育費,学校教育費,教科書費・教科書以外の図書費,5841.0
公立,小学校,6,11,学習費総額,学校教育費,学校教育費,学用品・実験実習材料費,19339.0
公立,小学校,6,11,学習費総額,学校教育費,学校教育費,教科外活動費,5430.0
公立,小学校,6,11,学習費総額,学校教育費,学校教育費,通学費,3484.0
公立,小学校,6,11,学習費総額,学校教育費,学校教育費,制服,7007.0
公立,小学校,6,11,学習費総額,学校教育費,学校教育費,通学用品費,9732.0
公立,小学校,6,11,学習費総額,学校教育費,学校教育費,その他学校教育費,11513.0
公立,小学校,6,11,学習費総額,学校給食費,学校給食費,学校給食費,36789.0
公立,小学校,6,11,学習費総額,学校外活動費,補助学習費,家庭内学習費,10779.0
公立,小学校,6,11,学習費総額,学校外活動費,補助学習費,通信教育・家庭教師費,19897.0
公立,小学校,6,11,学習費総額,学校外活動費,補助学習費,学習塾費,106785.0
公立,小学校,6,11,学習費総額,学校外活動費,補助学習費,その他補助学習費,3417.0
公立,小学校,6,11,学習費総額,学校外活動費,その他の学校外活動費,体験活動・地域活動,3803.0
公立,小学校,6,11,学習費総額,学校外活動費,その他の学校外活動費,芸術文化活動,32801.0
公立,小学校,6,11,学習費総額,学校外活動費,その他の学校外活動費,スポーツ・レクリエーション活動,53139.0
公立,小学校,6,11,学習費総額,学校外活動費,その他の学校外活動費,国際交流体験活動,1858.0
公立,小学校,6,11,学習費総額,学校外活動費,その他の学校外活動費,教養・その他,32094.0
公立,中学校,1,12,学習費総額,学校教育費,学校教育費,入学金・入園料,2287.0
公立,中学校,1,12,学習費総額,学校教育費,学校教育費,入学時に納付した施設整備費等,1054.0
公立,中学校,1,12,学習費総額,学校教育費,学校教育費,入学検定料,225.0
公立,中学校,1,12,学習費総額,学校教育費,学校教育費,授業料,0.0
公立,中学校,1,12,学習費総額,学校教育費,学校教育費,施設整備費等,0.0
公立,中学校,1,12,学習費総額,学校教育費,学校教育費,修学旅行費,0.0
公立,中学校,1,12,学習費総額,学校教育費,学校教育費,校外学習費,9384.0
公立,中学校,1,12,学習費総額,学校教育費,学校教育費,学級・児童会・生徒会費,8008.0
公立,中学校,1,12,学習費総額,学校教育費,学校教育費,その他の学校納付金,4817.0
公立,中学校,1,12,学習費総額,学校教育費,学校教育費,PTA会費,3040.0
公立,中学校,1,12,学習費総額,学校教育費,学校教育費,後援会費,785.0
公立,中学校,1,12,学習費総額,学校教育費,学校教育費,寄附金,27.0
公立,中学校,1,12,学習費総額,学校教育費,学校教育費,教科書費・教科書以外の図書費,11717.0
公立,中学校,1,12,学習費総額,学校教育費,学校教育費,学用品・実験実習材料費,44880.0
公立,中学校,1,12,学習費総額,学校教育費,学校教育費,教科外活動費,39678.0
公立,中学校,1,12,学習費総額,学校教育費,学校教育費,通学費,17150.0
公立,中学校,1,12,学習費総額,学校教育費,学校教育費,制服,58975.0
公立,中学校,1,12,学習費総額,学校教育費,学校教育費,通学用品費,20591.0
公立,中学校,1,12,学習費総額,学校教育費,学校教育費,その他学校教育費,5255.0
公立,中学校,1,12,学習費総額,学校給食費,学校給食費,学校給食費,39037.0
公立,中学校,1,12,学習費総額,学校外活動費,補助学習費,家庭内学習費,14799.0
公立,中学校,1,12,学習費総額,学校外活動費,補助学習費,通信教育・家庭教師費,21011.0
公立,中学校,1,12,学習費総額,学校外活動費,補助学習費,学習塾費,133845.0
公立,中学校,1,12,学習費総額,学校外活動費,補助学習費,その他補助学習費,3014.0
公立,中学校,1,12,学習費総額,学校外活動費,その他の学校外活動費,体験活動・地域活動,3006.0
公立,中学校,1,12,学習費総額,学校外活動費,その他の学校外活動費,芸術文化活動,29735.0
公立,中学校,1,12,学習費総額,学校外活動費,その他の学校外活動費,スポーツ・レクリエーション活動,47827.0
公立,中学校,1,12,学習費総額,学校外活動費,その他の学校外活動費,国際交流体験活動,2114.0
公立,中学校,1,12,学習費総額,学校外活動費,その他の学校外活動費,教養・その他,23159.0
公立,中学校,2,13,学習費総額,学校教育費,学校教育費,入学金・入園料,0.0
公立,中学校,2,13,学習費総額,学校教育費,学校教育費,入学時に納付した施設整備費等,0.0
公立,中学校,2,13,学習費総額,学校教育費,学校教育費,入学検定料,0.0
公立,中学校,2,13,学習費総額,学校教育費,学校教育費,授業料,0.0
公立,中学校,2,13,学習費総額,学校教育費,学校教育費,施設整備費等,0.0
公立,中学校,2,13,学習費総額,学校教育費,学校教育費,修学旅行費,7555.0
公立,中学校,2,13,学習費総額,学校教育費,学校教育費,校外学習費,6451.0
公立,中学校,2,13,学習費総額,学校教育費,学校教育費,学級・児童会・生徒会費,4235.0
公立,中学校,2,13,学習費総額,学校教育費,学校教育費,その他の学校納付金,3563.0
公立,中学校,2,13,学習費総額,学校教育費,学校教育費,PTA会費,2908.0
公立,中学校,2,13,学習費総額,学校教育費,学校教育費,後援会費,667.0
公立,中学校,2,13,学習費総額,学校教育費,学校教育費,寄附金,188.0
公立,中学校,2,13,学習費総額,学校教育費,学校教育費,教科書費・教科書以外の図書費,8473.0
公立,中学校,2,13,学習費総額,学校教育費,学校教育費,学用品・実験実習材料費,16806.0
公立,中学校,2,13,学習費総額,学校教育費,学校教育費,教科外活動費,26312.0
公立,中学校,2,13,学習費総額,学校教育費,学校教育費,通学費,4490.0
公立,中学校,2,13,学習費総額,学校教育費,学校教育費,制服,5235.0
公立,中学校,2,13,学習費総額,学校教育費,学校教育費,通学用品費,9206.0
公立,中学校,2,13,学習費総額,学校教育費,学校教育費,その他学校教育費,2150.0
公立,中学校,2,13,学習費総額,学校給食費,学校給食費,学校給食費,33709.0
公立,中学校,2,13,学習費総額,学校外活動費,補助学習費,家庭内学習費,9802.0
公立,中学校,2,13,学習費総額,学校外活動費,補助学習費,通信教育・家庭教師費,20591.0
公立,中学校,2,13,学習費総額,学校外活動費,補助学習費,学習塾費,213742.0
公立,中学校,2,13,学習費総額,学校外活動費,補助学習費,その他補助学習費,5171.0
公立,中学校,2,13,学習費総額,学校外活動費,その他の学校外活動費,体験活動・地域活動,2517.0
公立,中学校,2,13,学習費総額,学校外活動費,その他の学校外活動費,芸術文化活動,27582.0
公立,中学校,2,13,学習費総額,学校外活動費,その他の学校外活動費,スポーツ・レクリエーション活動,32723.0
公立,中学校,2,13,学習費総額,学校外活動費,その他の学校外活動費,国際交流体験活動,9956.0
公立,中学校,2,13,学習費総額,学校外活動費,その他の学校外活動費,教養・その他,19546.0
公立,中学校,3,14,学習費総額,学校教育費,学校教育費,入学金・入園料,0.0
公立,中学校,3,14,学習費総額,学校教育費,学校教育費,入学時に納付した施設整備費等,0.0
公立,中学校,3,14,学習費総額,学校教育費,学校教育費,入学検定料,0.0
公立,中学校,3,14,学習費総額,学校教育費,学校教育費,授業料,0.0
公立,中学校,3,14,学習費総額,学校教育費,学校教育費,施設整備費等,0.0
公立,中学校,3,14,学習費総額,学校教育費,学校教育費,修学旅行費,46426.0
公立,中学校,3,14,学習費総額,学校教育費,学校教育費,校外学習費,2401.0
公立,中学校,3,14,学習費総額,学校教育費,学校教育費,学級・児童会・生徒会費,5285.0
公立,中学校,3,14,学習費総額,学校教育費,学校教育費,その他の学校納付金,3994.0
公立,中学校,3,14,学習費総額,学校教育費,学校教育費,PTA会費,3522.0
公立,中学校,3,14,学習費総額,学校教育費,学校教育費,後援会費,1315.0
公立,中学校,3,14,学習費総額,学校教育費,学校教育費,寄附金,13.0
公立,中学校,3,14,学習費総額,学校教育費,学校教育費,教科書費・教科書以外の図書費,9125.0
公立,中学校,3,14,学習費総額,学校教育費,学校教育費,学用品・実験実習材料費,12393.0
公立,中学校,3,14,学習費総額,学校教育費,学校教育費,教科外活動費,16220.0
公立,中学校,3,14,学習費総額,学校教育費,学校教育費,通学費,4537.0
公立,中学校,3,14,学習費総額,学校教育費,学校教育費,制服,5723.0
公立,中学校,3,14,学習費総額,学校教育費,学校教育費,通学用品費,6956.0
公立,中学校,3,14,学習費総額,学校教育費,学校教育費,その他学校教育費,9013.0
公立,中学校,3,14,学習費総額,学校給食費,学校給食費,学校給食費,34297.0
公立,中学校,3,14,学習費総額,学校外活動費,補助学習費,家庭内学習費,14011.0
公立,中学校,3,14,学習費総額,学校外活動費,補助学習費,通信教育・家庭教師費,22137.0
公立,中学校,3,14,学習費総額,学校外活動費,補助学習費,学習塾費,340918.0
公立,中学校,3,14,学習費総額,学校外活動費,補助学習費,その他補助学習費,12862.0
公立,中学校,3,14,学習費総額,学校外活動費,その他の学校外活動費,体験活動・地域活動,3081.0
公立,中学校,3,14,学習費総額,学校外活動費,その他の学校外活動費,芸術文化活動,15144.0
公立,中学校,3,14,学習費総額,学校外活動費,その他の学校外活動費,スポーツ・レクリエーション活動,21832.0
公立,中学校,3,14,学習費総額,学校外活動費,その他の学校外活動費,国際交流体験活動,869.0
公立,中学校,3,14,学習費総額,学校外活動費,その他の学校外活動費,教養・その他,15141.0
公立,高等学校（全日制）,1,15,学習費総額,学校教育費,学校教育費,入学金・入園料,21556.0
公立,高等学校（全日制）,1,15,学習費総額,学校教育費,学校教育費,入学時に納付した施設整備費等,15760.0
公立,高等学校（全日制）,1,15,学習費総額,学校教育費,学校教育費,入学検定料,15314.0
公立,高等学校（全日制）,1,15,学習費総額,学校教育費,学校教育費,授業料,48338.0
公立,高等学校（全日制）,1,15,学習費総額,学校教育費,学校教育費,施設整備費等,0.0
公立,高等学校（全日制）,1,15,学習費総額,学校教育費,学校教育費,修学旅行費,372.0
公立,高等学校（全日制）,1,15,学習費総額,学校教育費,学校教育費,校外学習費,8583.0
公立,高等学校（全日制）,1,15,学習費総額,学校教育費,学校教育費,学級・児童会・生徒会費,13005.0
公立,高等学校（全日制）,1,15,学習費総額,学校教育費,学校教育費,その他の学校納付金,15773.0
公立,高等学校（全日制）,1,15,学習費総額,学校教育費,学校教育費,PTA会費,6989.0
公立,高等学校（全日制）,1,15,学習費総額,学校教育費,学校教育費,後援会費,5094.0
公立,高等学校（全日制）,1,15,学習費総額,学校教育費,学校教育費,寄附金,478.0
公立,高等学校（全日制）,1,15,学習費総額,学校教育費,学校教育費,教科書費・教科書以外の図書費,57820.0
公立,高等学校（全日制）,1,15,学習費総額,学校教育費,学校教育費,学用品・実験実習材料費,48597.0
公立,高等学校（全日制）,1,15,学習費総額,学校教育費,学校教育費,教科外活動費,69292.0
公立,高等学校（全日制）,1,15,学習費総額,学校教育費,学校教育費,通学費,72667.0
公立,高等学校（全日制）,1,15,学習費総額,学校教育費,学校教育費,制服,71598.0
公立,高等学校（全日制）,1,15,学習費総額,学校教育費,学校教育費,通学用品費,24773.0
公立,高等学校（全日制）,1,15,学習費総額,学校教育費,学校教育費,その他学校教育費,8887.0
公立,高等学校（全日制）,1,15,学習費総額,学校給食費,学校給食費,学校給食費,0.0
公立,高等学校（全日制）,1,15,学習費総額,学校外活動費,補助学習費,家庭内学習費,29423.0
公立,高等学校（全日制）,1,15,学習費総額,学校外活動費,補助学習費,通信教育・家庭教師費,14612.0
公立,高等学校（全日制）,1,15,学習費総額,学校外活動費,補助学習費,学習塾費,89907.0
公立,高等学校（全日制）,1,15,学習費総額,学校外活動費,補助学習費,その他補助学習費,6413.0
公立,高等学校（全日制）,1,15,学習費総額,学校外活動費,その他の学校外活動費,体験活動・地域活動,2602.0
公立,高等学校（全日制）,1,15,学習費総額,学校外活動費,その他の学校外活動費,芸術文化活動,17515.0
公立,高等学校（全日制）,1,15,学習費総額,学校外活動費,その他の学校外活動費,スポーツ・レクリエーション活動,7124.0
公立,高等学校（全日制）,1,15,学習費総額,学校外活動費,その他の学校外活動費,国際交流体験活動,13043.0
公立,高等学校（全日制）,1,15,学習費総額,学校外活動費,その他の学校外活動費,教養・その他,14757.0
公立,高等学校（全日制）,2,16,学習費総額,学校教育費,学校教育費,入学金・入園料,0.0
公立,高等学校（全日制）,2,16,学習費総額,学校教育費,学校教育費,入学時に納付した施設整備費等,0.0
公立,高等学校（全日制）,2,16,学習費総額,学校教育費,学校教育費,入学検定料,0.0
公立,高等学校（全日制）,2,16,学習費総額,学校教育費,学校教育費,授業料,47377.0
公立,高等学校（全日制）,2,16,学習費総額,学校教育費,学校教育費,施設整備費等,0.0
公立,高等学校（全日制）,2,16,学習費総額,学校教育費,学校教育費,修学旅行費,88354.0
公立,高等学校（全日制）,2,16,学習費総額,学校教育費,学校教育費,校外学習費,7016.0
公立,高等学校（全日制）,2,16,学習費総額,学校教育費,学校教育費,学級・児童会・生徒会費,10189.0
公立,高等学校（全日制）,2,16,学習費総額,学校教育費,学校教育費,その他の学校納付金,12765.0
公立,高等学校（全日制）,2,16,学習費総額,学校教育費,学校教育費,PTA会費,6543.0
公立,高等学校（全日制）,2,16,学習費総額,学校教育費,学校教育費,後援会費,3610.0
公立,高等学校（全日制）,2,16,学習費総額,学校教育費,学校教育費,寄附金,299.0
公立,高等学校（全日制）,2,16,学習費総額,学校教育費,学校教育費,教科書費・教科書以外の図書費,32020.0
公立,高等学校（全日制）,2,16,学習費総額,学校教育費,学校教育費,学用品・実験実習材料費,15477.0
公立,高等学校（全日制）,2,16,学習費総額,学校教育費,学校教育費,教科外活動費,57149.0
公立,高等学校（全日制）,2,16,学習費総額,学校教育費,学校教育費,通学費,51548.0
公立,高等学校（全日制）,2,16,学習費総額,学校教育費,学校教育費,制服,7543.0
公立,高等学校（全日制）,2,16,学習費総額,学校教育費,学校教育費,通学用品費,11188.0
公立,高等学校（全日制）,2,16,学習費総額,学校教育費,学校教育費,その他学校教育費,3838.0
公立,高等学校（全日制）,2,16,学習費総額,学校給食費,学校給食費,学校給食費,0.0
公立,高等学校（全日制）,2,16,学習費総額,学校外活動費,補助学習費,家庭内学習費,12836.0
公立,高等学校（全日制）,2,16,学習費総額,学校外活動費,補助学習費,通信教育・家庭教師費,10424.0
公立,高等学校（全日制）,2,16,学習費総額,学校外活動費,補助学習費,学習塾費,149553.0
公立,高等学校（全日制）,2,16,学習費総額,学校外活動費,補助学習費,その他補助学習費,10151.0
公立,高等学校（全日制）,2,16,学習費総額,学校外活動費,その他の学校外活動費,体験活動・地域活動,2723.0
公立,高等学校（全日制）,2,16,学習費総額,学校外活動費,その他の学校外活動費,芸術文化活動,10424.0
公立,高等学校（全日制）,2,16,学習費総額,学校外活動費,その他の学校外活動費,スポーツ・レクリエーション活動,7366.0
公立,高等学校（全日制）,2,16,学習費総額,学校外活動費,その他の学校外活動費,国際交流体験活動,11249.0
公立,高等学校（全日制）,2,16,学習費総額,学校外活動費,その他の学校外活動費,教養・その他,12342.0
公立,高等学校（全日制）,3,17,学習費総額,学校教育費,学校教育費,入学金・入園料,0.0
公立,高等学校（全日制）,3,17,学習費総額,学校教育費,学校教育費,入学時に納付した施設整備費等,0.0
公立,高等学校（全日制）,3,17,学習費総額,学校教育費,学校教育費,入学検定料,0.0
公立,高等学校（全日制）,3,17,学習費総額,学校教育費,学校教育費,授業料,39590.0
公立,高等学校（全日制）,3,17,学習費総額,学校教育費,学校教育費,施設整備費等,0.0
公立,高等学校（全日制）,3,17,学習費総額,学校教育費,学校教育費,修学旅行費,123.0
公立,高等学校（全日制）,3,17,学習費総額,学校教育費,学校教育費,校外学習費,4594.0
公立,高等学校（全日制）,3,17,学習費総額,学校教育費,学校教育費,学級・児童会・生徒会費,9975.0
公立,高等学校（全日制）,3,17,学習費総額,学校教育費,学校教育費,その他の学校納付金,10975.0
公立,高等学校（全日制）,3,17,学習費総額,学校教育費,学校教育費,PTA会費,6187.0
公立,高等学校（全日制）,3,17,学習費総額,学校教育費,学校教育費,後援会費,4379.0
公立,高等学校（全日制）,3,17,学習費総額,学校教育費,学校教育費,寄附金,366.0
公立,高等学校（全日制）,3,17,学習費総額,学校教育費,学校教育費,教科書費・教科書以外の図書費,21589.0
公立,高等学校（全日制）,3,17,学習費総額,学校教育費,学校教育費,学用品・実験実習材料費,9099.0
公立,高等学校（全日制）,3,17,学習費総額,学校教育費,学校教育費,教科外活動費,20142.0
公立,高等学校（全日制）,3,17,学習費総額,学校教育費,学校教育費,通学費,39850.0
公立,高等学校（全日制）,3,17,学習費総額,学校教育費,学校教育費,制服,3833.0
公立,高等学校（全日制）,3,17,学習費総額,学校教育費,学校教育費,通学用品費,6665.0
公立,高等学校（全日制）,3,17,学習費総額,学校教育費,学校教育費,その他学校教育費,7362.0
公立,高等学校（全日制）,3,17,学習費総額,学校給食費,学校給食費,学校給食費,0.0
公立,高等学校（全日制）,3,17,学習費総額,学校外活動費,補助学習費,家庭内学習費,22332.0
公立,高等学校（全日制）,3,17,学習費総額,学校外活動費,補助学習費,通信教育・家庭教師費,22687.0
公立,高等学校（全日制）,3,17,学習費総額,学校外活動費,補助学習費,学習塾費,207370.0
公立,高等学校（全日制）,3,17,学習費総額,学校外活動費,補助学習費,その他補助学習費,34123.0
公立,高等学校（全日制）,3,17,学習費総額,学校外活動費,その他の学校外活動費,体験活動・地域活動,1556.0
公立,高等学校（全日制）,3,17,学習費総額,学校外活動費,その他の学校外活動費,芸術文化活動,4875.0
公立,高等学校（全日制）,3,17,学習費総額,学校外活動費,その他の学校外活動費,スポーツ・レクリエーション活動,4887.0
公立,高等学校（全日制）,3,17,学習費総額,学校外活動費,その他の学校外活動費,国際交流体験活動,1317.0
公立,高等学校（全日制）,3,17,学習費総額,学校外活動費,その他の学校外活動費,教養・その他,21176.0
私立,幼稚園,1,3,学習費総額,学校教育費,学校教育費,入学金・入園料,41960.0
私立,幼稚園,1,3,学習費総額,学校教育費,学校教育費,入学時に納付した施設整備費等,7628.0
私立,幼稚園,1,3,学習費総額,学校教育費,学校教育費,入学検定料,2167.0
私立,幼稚園,1,3,学習費総額,学校教育費,学校教育費,授業料,40102.0
私立,幼稚園,1,3,学習費総額,学校教育費,学校教育費,施設整備費等,10843.0
私立,幼稚園,1,3,学習費総額,学校教育費,学校教育費,修学旅行費,0.0
私立,幼稚園,1,3,学習費総額,学校教育費,学校教育費,校外学習費,2027.0
私立,幼稚園,1,3,学習費総額,学校教育費,学校教育費,学級・児童会・生徒会費,994.0
私立,幼稚園,1,3,学習費総額,学校教育費,学校教育費,その他の学校納付金,3489.0
私立,幼稚園,1,3,学習費総額,学校教育費,学校教育費,PTA会費,3339.0
私立,幼稚園,1,3,学習費総額,学校教育費,学校教育費,後援会費,658.0
私立,幼稚園,1,3,学習費総額,学校教育費,学校教育費,寄附金,936.0
私立,幼稚園,1,3,学習費総額,学校教育費,学校教育費,教科書費・教科書以外の図書費,4823.0
私立,幼稚園,1,3,学習費総額,学校教育費,学校教育費,学用品・実験実習材料費,18049.0
私立,幼稚園,1,3,学習費総額,学校教育費,学校教育費,教科外活動費,2410.0
私立,幼稚園,1,3,学習費総額,学校教育費,学校教育費,通学費,23862.0
私立,幼稚園,1,3,学習費総額,学校教育費,学校教育費,制服,16595.0
私立,幼稚園,1,3,学習費総額,学校教育費,学校教育費,通学用品費,9891.0
私立,幼稚園,1,3,学習費総額,学校教育費,学校教育費,その他学校教育費,13360.0
私立,幼稚園,1,3,学習費総額,学校給食費,学校給食費,学校給食費,35059.0
私立,幼稚園,1,3,学習費総額,学校外活動費,補助学習費,家庭内学習費,9847.0
私立,幼稚園,1,3,学習費総額,学校外活動費,補助学習費,通信教育・家庭教師費,7075.0
私立,幼稚園,1,3,学習費総額,学校外活動費,補助学習費,学習塾費,16859.0
私立,幼稚園,1,3,学習費総額,学校外活動費,補助学習費,その他補助学習費,1010.0
私立,幼稚園,1,3,学習費総額,学校外活動費,その他の学校外活動費,体験活動・地域活動,4434.0
私立,幼稚園,1,3,学習費総額,学校外活動費,その他の学校外活動費,芸術文化活動,11688.0
私立,幼稚園,1,3,学習費総額,学校外活動費,その他の学校外活動費,スポーツ・レクリエーション活動,24941.0
私立,幼稚園,1,3,学習費総額,学校外活動費,その他の学校外活動費,国際交流体験活動,1787.0
私立,幼稚園,1,3,学習費総額,学校外活動費,その他の学校外活動費,教養・その他,19517.0
私立,幼稚園,2,4,学習費総額,学校教育費,学校教育費,入学金・入園料,0.0
私立,幼稚園,2,4,学習費総額,学校教育費,学校教育費,入学時に納付した施設整備費等,0.0
私立,幼稚園,2,4,学習費総額,学校教育費,学校教育費,入学検定料,0.0
私立,幼稚園,2,4,学習費総額,学校教育費,学校教育費,授業料,41103.0
私立,幼稚園,2,4,学習費総額,学校教育費,学校教育費,施設整備費等,10457.0
私立,幼稚園,2,4,学習費総額,学校教育費,学校教育費,修学旅行費,0.0
私立,幼稚園,2,4,学習費総額,学校教育費,学校教育費,校外学習費,3181.0
私立,幼稚園,2,4,学習費総額,学校教育費,学校教育費,学級・児童会・生徒会費,1043.0
私立,幼稚園,2,4,学習費総額,学校教育費,学校教育費,その他の学校納付金,4006.0
私立,幼稚園,2,4,学習費総額,学校教育費,学校教育費,PTA会費,2958.0
私立,幼稚園,2,4,学習費総額,学校教育費,学校教育費,後援会費,616.0
私立,幼稚園,2,4,学習費総額,学校教育費,学校教育費,寄附金,1987.0
私立,幼稚園,2,4,学習費総額,学校教育費,学校教育費,教科書費・教科書以外の図書費,4365.0
私立,幼稚園,2,4,学習費総額,学校教育費,学校教育費,学用品・実験実習材料費,10600.0
私立,幼稚園,2,4,学習費総額,学校教育費,学校教育費,教科外活動費,3875.0
私立,幼稚園,2,4,学習費総額,学校教育費,学校教育費,通学費,19786.0
私立,幼稚園,2,4,学習費総額,学校教育費,学校教育費,制服,2948.0
私立,幼稚園,2,4,学習費総額,学校教育費,学校教育費,通学用品費,5511.0
私立,幼稚園,2,4,学習費総額,学校教育費,学校教育費,その他学校教育費,7854.0
私立,幼稚園,2,4,学習費総額,学校給食費,学校給食費,学校給食費,36493.0
私立,幼稚園,2,4,学習費総額,学校外活動費,補助学習費,家庭内学習費,8590.0
私立,幼稚園,2,4,学習費総額,学校外活動費,補助学習費,通信教育・家庭教師費,11772.0
私立,幼稚園,2,4,学習費総額,学校外活動費,補助学習費,学習塾費,24544.0
私立,幼稚園,2,4,学習費総額,学校外活動費,補助学習費,その他補助学習費,1177.0
私立,幼稚園,2,4,学習費総額,学校外活動費,その他の学校外活動費,体験活動・地域活動,5773.0
私立,幼稚園,2,4,学習費総額,学校外活動費,その他の学校外活動費,芸術文化活動,26716.0
私立,幼稚園,2,4,学習費総額,学校外活動費,その他の学校外活動費,スポーツ・レクリエーション活動,57762.0
私立,幼稚園,2,4,学習費総額,学校外活動費,その他の学校外活動費,国際交流体験活動,2103.0
私立,幼稚園,2,4,学習費総額,学校外活動費,その他の学校外活動費,教養・その他,28563.0
私立,幼稚園,3,5,学習費総額,学校教育費,学校教育費,入学金・入園料,0.0
私立,幼稚園,3,5,学習費総額,学校教育費,学校教育費,入学時に納付した施設整備費等,0.0
私立,幼稚園,3,5,学習費総額,学校教育費,学校教育費,入学検定料,0.0
私立,幼稚園,3,5,学習費総額,学校教育費,学校教育費,授業料,39360.0
私立,幼稚園,3,5,学習費総額,学校教育費,学校教育費,施設整備費等,11239.0
私立,幼稚園,3,5,学習費総額,学校教育費,学校教育費,修学旅行費,6.0
私立,幼稚園,3,5,学習費総額,学校教育費,学校教育費,校外学習費,6272.0
私立,幼稚園,3,5,学習費総額,学校教育費,学校教育費,学級・児童会・生徒会費,1014.0
私立,幼稚園,3,5,学習費総額,学校教育費,学校教育費,その他の学校納付金,4271.0
私立,幼稚園,3,5,学習費総額,学校教育費,学校教育費,PTA会費,3359.0
私立,幼稚園,3,5,学習費総額,学校教育費,学校教育費,後援会費,575.0
私立,幼稚園,3,5,学習費総額,学校教育費,学校教育費,寄附金,1191.0
私立,幼稚園,3,5,学習費総額,学校教育費,学校教育費,教科書費・教科書以外の図書費,4339.0
私立,幼稚園,3,5,学習費総額,学校教育費,学校教育費,学用品・実験実習材料費,9604.0
私立,幼稚園,3,5,学習費総額,学校教育費,学校教育費,教科外活動費,4693.0
私立,幼稚園,3,5,学習費総額,学校教育費,学校教育費,通学費,19679.0
私立,幼稚園,3,5,学習費総額,学校教育費,学校教育費,制服,2618.0
私立,幼稚園,3,5,学習費総額,学校教育費,学校教育費,通学用品費,19486.0
私立,幼稚園,3,5,学習費総額,学校教育費,学校教育費,その他学校教育費,16274.0
私立,幼稚園,3,5,学習費総額,学校給食費,学校給食費,学校給食費,35622.0
私立,幼稚園,3,5,学習費総額,学校外活動費,補助学習費,家庭内学習費,14822.0
私立,幼稚園,3,5,学習費総額,学校外活動費,補助学習費,通信教育・家庭教師費,15596.0
私立,幼稚園,3,5,学習費総額,学校外活動費,補助学習費,学習塾費,32945.0
私立,幼稚園,3,5,学習費総額,学校外活動費,補助学習費,その他補助学習費,1823.0
私立,幼稚園,3,5,学習費総額,学校外活動費,その他の学校外活動費,体験活動・地域活動,5545.0
私立,幼稚園,3,5,学習費総額,学校外活動費,その他の学校外活動費,芸術文化活動,33510.0
私立,幼稚園,3,5,学習費総額,学校外活動費,その他の学校外活動費,スポーツ・レクリエーション活動,63166.0
私立,幼稚園,3,5,学習費総額,学校外活動費,その他の学校外活動費,国際交流体験活動,2283.0
私立,幼稚園,3,5,学習費総額,学校外活動費,その他の学校外活動費,教養・その他,29662.0
私立,小学校,1,6,学習費総額,学校教育費,学校教育費,入学金・入園料,243997.0
私立,小学校,1,6,学習費総額,学校教育費,学校教育費,入学時に納付した施設整備費等,114400.0
私立,小学校,1,6,学習費総額,学校教育費,学校教育費,入学検定料,33307.0
私立,小学校,1,6,学習費総額,学校教育費,学校教育費,授業料,510406.0
私立,小学校,1,6,学習費総額,学校教育費,学校教育費,施設整備費等,97770.0
私立,小学校,1,6,学習費総額,学校教育費,学校教育費,修学旅行費,0.0
私立,小学校,1,6,学習費総額,学校教育費,学校教育費,校外学習費,11493.0
私立,小学校,1,6,学習費総額,学校教育費,学校教育費,学級・児童会・生徒会費,6481.0
私立,小学校,1,6,学習費総額,学校教育費,学校教育費,その他の学校納付金,17554.0
私立,小学校,1,6,学習費総額,学校教育費,学校教育費,PTA会費,7732.0
私立,小学校,1,6,学習費総額,学校教育費,学校教育費,後援会費,5943.0
私立,小学校,1,6,学習費総額,学校教育費,学校教育費,寄附金,84783.0
私立,小学校,1,6,学習費総額,学校教育費,学校教育費,教科書費・教科書以外の図書費,23668.0
私立,小学校,1,6,学習費総額,学校教育費,学校教育費,学用品・実験実習材料費,68030.0
私立,小学校,1,6,学習費総額,学校教育費,学校教育費,教科外活動費,12730.0
私立,小学校,1,6,学習費総額,学校教育費,学校教育費,通学費,46301.0
私立,小学校,1,6,学習費総額,学校教育費,学校教育費,制服,102235.0
私立,小学校,1,6,学習費総額,学校教育費,学校教育費,通学用品費,73210.0
私立,小学校,1,6,学習費総額,学校教育費,学校教育費,その他学校教育費,19053.0
私立,小学校,1,6,学習費総額,学校給食費,学校給食費,学校給食費,57217.0
私立,小学校,1,6,学習費総額,学校外活動費,補助学習費,家庭内学習費,85169.0
私立,小学校,1,6,学習費総額,学校外活動費,補助学習費,通信教育・家庭教師費,37398.0
私立,小学校,1,6,学習費総額,学校外活動費,補助学習費,学習塾費,154320.0
私立,小学校,1,6,学習費総額,学校外活動費,補助学習費,その他補助学習費,5233.0
私立,小学校,1,6,学習費総額,学校外活動費,その他の学校外活動費,体験活動・地域活動,43098.0
私立,小学校,1,6,学習費総額,学校外活動費,その他の学校外活動費,芸術文化活動,98898.0
私立,小学校,1,6,学習費総額,学校外活動費,その他の学校外活動費,スポーツ・レクリエーション活動,109406.0
私立,小学校,1,6,学習費総額,学校外活動費,その他の学校外活動費,国際交流体験活動,15410.0
私立,小学校,1,6,学習費総額,学校外活動費,その他の学校外活動費,教養・その他,117299.0
私立,小学校,2,7,学習費総額,学校教育費,学校教育費,入学金・入園料,0.0
私立,小学校,2,7,学習費総額,学校教育費,学校教育費,入学時に納付した施設整備費等,0.0
私立,小学校,2,7,学習費総額,学校教育費,学校教育費,入学検定料,0.0
私立,小学校,2,7,学習費総額,学校教育費,学校教育費,授業料,585325.0
私立,小学校,2,7,学習費総額,学校教育費,学校教育費,施設整備費等,110350.0
私立,小学校,2,7,学習費総額,学校教育費,学校教育費,修学旅行費,0.0
私立,小学校,2,7,学習費総額,学校教育費,学校教育費,校外学習費,15512.0
私立,小学校,2,7,学習費総額,学校教育費,学校教育費,学級・児童会・生徒会費,7236.0
私立,小学校,2,7,学習費総額,学校教育費,学校教育費,その他の学校納付金,18053.0
私立,小学校,2,7,学習費総額,学校教育費,学校教育費,PTA会費,7388.0
私立,小学校,2,7,学習費総額,学校教育費,学校教育費,後援会費,3514.0
私立,小学校,2,7,学習費総額,学校教育費,学校教育費,寄附金,24517.0
私立,小学校,2,7,学習費総額,学校教育費,学校教育費,教科書費・教科書以外の図書費,25693.0
私立,小学校,2,7,学習費総額,学校教育費,学校教育費,学用品・実験実習材料費,40064.0
私立,小学校,2,7,学習費総額,学校教育費,学校教育費,教科外活動費,10806.0
私立,小学校,2,7,学習費総額,学校教育費,学校教育費,通学費,47562.0
私立,小学校,2,7,学習費総額,学校教育費,学校教育費,制服,17032.0
私立,小学校,2,7,学習費総額,学校教育費,学校教育費,通学用品費,15430.0
私立,小学校,2,7,学習費総額,学校教育費,学校教育費,その他学校教育費,13138.0
私立,小学校,2,7,学習費総額,学校給食費,学校給食費,学校給食費,55371.0
私立,小学校,2,7,学習費総額,学校外活動費,補助学習費,家庭内学習費,42348.0
私立,小学校,2,7,学習費総額,学校外活動費,補助学習費,通信教育・家庭教師費,47548.0
私立,小学校,2,7,学習費総額,学校外活動費,補助学習費,学習塾費,152996.0
私立,小学校,2,7,学習費総額,学校外活動費,補助学習費,その他補助学習費,4187.0
私立,小学校,2,7,学習費総額,学校外活動費,その他の学校外活動費,体験活動・地域活動,26181.0
私立,小学校,2,7,学習費総額,学校外活動費,その他の学校外活動費,芸術文化活動,109974.0
私立,小学校,2,7,学習費総額,学校外活動費,その他の学校外活動費,スポーツ・レクリエーション活動,114255.0
私立,小学校,2,7,学習費総額,学校外活動費,その他の学校外活動費,国際交流体験活動,8904.0
私立,小学校,2,7,学習費総額,学校外活動費,その他の学校外活動費,教養・その他,124755.0
私立,小学校,3,8,学習費総額,学校教育費,学校教育費,入学金・入園料,0.0
私立,小学校,3,8,学習費総額,学校教育費,学校教育費,入学時に納付した施設整備費等,0.0
私立,小学校,3,8,学習費総額,学校教育費,学校教育費,入学検定料,0.0
私立,小学校,3,8,学習費総額,学校教育費,学校教育費,授業料,535844.0
私立,小学校,3,8,学習費総額,学校教育費,学校教育費,施設整備費等,104443.0
私立,小学校,3,8,学習費総額,学校教育費,学校教育費,修学旅行費,0.0
私立,小学校,3,8,学習費総額,学校教育費,学校教育費,校外学習費,26869.0
私立,小学校,3,8,学習費総額,学校教育費,学校教育費,学級・児童会・生徒会費,12497.0
私立,小学校,3,8,学習費総額,学校教育費,学校教育費,その他の学校納付金,75548.0
私立,小学校,3,8,学習費総額,学校教育費,学校教育費,PTA会費,7749.0
私立,小学校,3,8,学習費総額,学校教育費,学校教育費,後援会費,3658.0
私立,小学校,3,8,学習費総額,学校教育費,学校教育費,寄附金,119923.0
私立,小学校,3,8,学習費総額,学校教育費,学校教育費,教科書費・教科書以外の図書費,22607.0
私立,小学校,3,8,学習費総額,学校教育費,学校教育費,学用品・実験実習材料費,43769.0
私立,小学校,3,8,学習費総額,学校教育費,学校教育費,教科外活動費,10496.0
私立,小学校,3,8,学習費総額,学校教育費,学校教育費,通学費,52703.0
私立,小学校,3,8,学習費総額,学校教育費,学校教育費,制服,36038.0
私立,小学校,3,8,学習費総額,学校教育費,学校教育費,通学用品費,17396.0
私立,小学校,3,8,学習費総額,学校教育費,学校教育費,その他学校教育費,10753.0
私立,小学校,3,8,学習費総額,学校給食費,学校給食費,学校給食費,53203.0
私立,小学校,3,8,学習費総額,学校外活動費,補助学習費,家庭内学習費,38339.0
私立,小学校,3,8,学習費総額,学校外活動費,補助学習費,通信教育・家庭教師費,45625.0
私立,小学校,3,8,学習費総額,学校外活動費,補助学習費,学習塾費,194411.0
私立,小学校,3,8,学習費総額,学校外活動費,補助学習費,その他補助学習費,6925.0
私立,小学校,3,8,学習費総額,学校外活動費,その他の学校外活動費,体験活動・地域活動,30943.0
私立,小学校,3,8,学習費総額,学校外活動費,その他の学校外活動費,芸術文化活動,92300.0
私立,小学校,3,8,学習費総額,学校外活動費,その他の学校外活動費,スポーツ・レクリエーション活動,113196.0
私立,小学校,3,8,学習費総額,学校外活動費,その他の学校外活動費,国際交流体験活動,17250.0
私立,小学校,3,8,学習費総額,学校外活動費,その他の学校外活動費,教養・その他,99992.0
私立,小学校,4,9,学習費総額,学校教育費,学校教育費,入学金・入園料,0.0
私立,小学校,4,9,学習費総額,学校教育費,学校教育費,入学時に納付した施設整備費等,0.0
私立,小学校,4,9,学習費総額,学校教育費,学校教育費,入学検定料,0.0
私立,小学校,4,9,学習費総額,学校教育費,学校教育費,授業料,534086.0
私立,小学校,4,9,学習費総額,学校教育費,学校教育費,施設整備費等,101450.0
私立,小学校,4,9,学習費総額,学校教育費,学校教育費,修学旅行費,502.0
私立,小学校,4,9,学習費総額,学校教育費,学校教育費,校外学習費,31830.0
私立,小学校,4,9,学習費総額,学校教育費,学校教育費,学級・児童会・生徒会費,7002.0
私立,小学校,4,9,学習費総額,学校教育費,学校教育費,その他の学校納付金,19361.0
私立,小学校,4,9,学習費総額,学校教育費,学校教育費,PTA会費,7748.0
私立,小学校,4,9,学習費総額,学校教育費,学校教育費,後援会費,5346.0
私立,小学校,4,9,学習費総額,学校教育費,学校教育費,寄附金,36306.0
私立,小学校,4,9,学習費総額,学校教育費,学校教育費,教科書費・教科書以外の図書費,25068.0
私立,小学校,4,9,学習費総額,学校教育費,学校教育費,学用品・実験実習材料費,35257.0
私立,小学校,4,9,学習費総額,学校教育費,学校教育費,教科外活動費,15957.0
私立,小学校,4,9,学習費総額,学校教育費,学校教育費,通学費,48253.0
私立,小学校,4,9,学習費総額,学校教育費,学校教育費,制服,35968.0
私立,小学校,4,9,学習費総額,学校教育費,学校教育費,通学用品費,14458.0
私立,小学校,4,9,学習費総額,学校教育費,学校教育費,その他学校教育費,10009.0
私立,小学校,4,9,学習費総額,学校給食費,学校給食費,学校給食費,55981.0
私立,小学校,4,9,学習費総額,学校外活動費,補助学習費,家庭内学習費,36461.0
私立,小学校,4,9,学習費総額,学校外活動費,補助学習費,通信教育・家庭教師費,46608.0
私立,小学校,4,9,学習費総額,学校外活動費,補助学習費,学習塾費,265503.0
私立,小学校,4,9,学習費総額,学校外活動費,補助学習費,その他補助学習費,7514.0
私立,小学校,4,9,学習費総額,学校外活動費,その他の学校外活動費,体験活動・地域活動,26917.0
私立,小学校,4,9,学習費総額,学校外活動費,その他の学校外活動費,芸術文化活動,83809.0
私立,小学校,4,9,学習費総額,学校外活動費,その他の学校外活動費,スポーツ・レクリエーション活動,101123.0
私立,小学校,4,9,学習費総額,学校外活動費,その他の学校外活動費,国際交流体験活動,31269.0
私立,小学校,4,9,学習費総額,学校外活動費,その他の学校外活動費,教養・その他,99062.0
私立,小学校,5,10,学習費総額,学校教育費,学校教育費,入学金・入園料,0.0
私立,小学校,5,10,学習費総額,学校教育費,学校教育費,入学時に納付した施設整備費等,0.0
私立,小学校,5,10,学習費総額,学校教育費,学校教育費,入学検定料,0.0
私立,小学校,5,10,学習費総額,学校教育費,学校教育費,授業料,542382.0
私立,小学校,5,10,学習費総額,学校教育費,学校教育費,施設整備費等,122745.0
私立,小学校,5,10,学習費総額,学校教育費,学校教育費,修学旅行費,2081.0
私立,小学校,5,10,学習費総額,学校教育費,学校教育費,校外学習費,37888.0
私立,小学校,5,10,学習費総額,学校教育費,学校教育費,学級・児童会・生徒会費,8053.0
私立,小学校,5,10,学習費総額,学校教育費,学校教育費,その他の学校納付金,13949.0
私立,小学校,5,10,学習費総額,学校教育費,学校教育費,PTA会費,7473.0
私立,小学校,5,10,学習費総額,学校教育費,学校教育費,後援会費,5481.0
私立,小学校,5,10,学習費総額,学校教育費,学校教育費,寄附金,16479.0
私立,小学校,5,10,学習費総額,学校教育費,学校教育費,教科書費・教科書以外の図書費,19707.0
私立,小学校,5,10,学習費総額,学校教育費,学校教育費,学用品・実験実習材料費,36545.0
私立,小学校,5,10,学習費総額,学校教育費,学校教育費,教科外活動費,14904.0
私立,小学校,5,10,学習費総額,学校教育費,学校教育費,通学費,41713.0
私立,小学校,5,10,学習費総額,学校教育費,学校教育費,制服,30130.0
私立,小学校,5,10,学習費総額,学校教育費,学校教育費,通学用品費,13283.0
私立,小学校,5,10,学習費総額,学校教育費,学校教育費,その他学校教育費,8140.0
私立,小学校,5,10,学習費総額,学校給食費,学校給食費,学校給食費,49181.0
私立,小学校,5,10,学習費総額,学校外活動費,補助学習費,家庭内学習費,29934.0
私立,小学校,5,10,学習費総額,学校外活動費,補助学習費,通信教育・家庭教師費,78184.0
私立,小学校,5,10,学習費総額,学校外活動費,補助学習費,学習塾費,384938.0
私立,小学校,5,10,学習費総額,学校外活動費,補助学習費,その他補助学習費,6954.0
私立,小学校,5,10,学習費総額,学校外活動費,その他の学校外活動費,体験活動・地域活動,21303.0
私立,小学校,5,10,学習費総額,学校外活動費,その他の学校外活動費,芸術文化活動,97089.0
私立,小学校,5,10,学習費総額,学校外活動費,その他の学校外活動費,スポーツ・レクリエーション活動,84413.0
私立,小学校,5,10,学習費総額,学校外活動費,その他の学校外活動費,国際交流体験活動,37337.0
私立,小学校,5,10,学習費総額,学校外活動費,その他の学校外活動費,教養・その他,72173.0
私立,小学校,6,11,学習費総額,学校教育費,学校教育費,入学金・入園料,0.0
私立,小学校,6,11,学習費総額,学校教育費,学校教育費,入学時に納付した施設整備費等,0.0
私立,小学校,6,11,学習費総額,学校教育費,学校教育費,入学検定料,0.0
私立,小学校,6,11,学習費総額,学校教育費,学校教育費,授業料,504395.0
私立,小学校,6,11,学習費総額,学校教育費,学校教育費,施設整備費等,88953.0
私立,小学校,6,11,学習費総額,学校教育費,学校教育費,修学旅行費,71924.0
私立,小学校,6,11,学習費総額,学校教育費,学校教育費,校外学習費,27203.0
私立,小学校,6,11,学習費総額,学校教育費,学校教育費,学級・児童会・生徒会費,7944.0
私立,小学校,6,11,学習費総額,学校教育費,学校教育費,その他の学校納付金,15863.0
私立,小学校,6,11,学習費総額,学校教育費,学校教育費,PTA会費,7979.0
私立,小学校,6,11,学習費総額,学校教育費,学校教育費,後援会費,7063.0
私立,小学校,6,11,学習費総額,学校教育費,学校教育費,寄附金,36577.0
私立,小学校,6,11,学習費総額,学校教育費,学校教育費,教科書費・教科書以外の図書費,52765.0
私立,小学校,6,11,学習費総額,学校教育費,学校教育費,学用品・実験実習材料費,30146.0
私立,小学校,6,11,学習費総額,学校教育費,学校教育費,教科外活動費,16619.0
私立,小学校,6,11,学習費総額,学校教育費,学校教育費,通学費,42862.0
私立,小学校,6,11,学習費総額,学校教育費,学校教育費,制服,28459.0
私立,小学校,6,11,学習費総額,学校教育費,学校教育費,通学用品費,13187.0
私立,小学校,6,11,学習費総額,学校教育費,学校教育費,その他学校教育費,22839.0
私立,小学校,6,11,学習費総額,学校給食費,学校給食費,学校給食費,50579.0
私立,小学校,6,11,学習費総額,学校外活動費,補助学習費,家庭内学習費,35092.0
私立,小学校,6,11,学習費総額,学校外活動費,補助学習費,通信教育・家庭教師費,99601.0
私立,小学校,6,11,学習費総額,学校外活動費,補助学習費,学習塾費,438259.0
私立,小学校,6,11,学習費総額,学校外活動費,補助学習費,その他補助学習費,15698.0
私立,小学校,6,11,学習費総額,学校外活動費,その他の学校外活動費,体験活動・地域活動,15165.0
私立,小学校,6,11,学習費総額,学校外活動費,その他の学校外活動費,芸術文化活動,93569.0
私立,小学校,6,11,学習費総額,学校外活動費,その他の学校外活動費,スポーツ・レクリエーション活動,80715.0
私立,小学校,6,11,学習費総額,学校外活動費,その他の学校外活動費,国際交流体験活動,40021.0
私立,小学校,6,11,学習費総額,学校外活動費,その他の学校外活動費,教養・その他,62453.0
私立,中学校,1,12,学習費総額,学校教育費,学校教育費,入学金・入園料,210623.0
私立,中学校,1,12,学習費総額,学校教育費,学校教育費,入学時に納付した施設整備費等,80846.0
私立,中学校,1,12,学習費総額,学校教育費,学校教育費,入学検定料,59044.0
私立,中学校,1,12,学習費総額,学校教育費,学校教育費,授業料,452114.0
私立,中学校,1,12,学習費総額,学校教育費,学校教育費,施設整備費等,95283.0
私立,中学校,1,12,学習費総額,学校教育費,学校教育費,修学旅行費,307.0
私立,中学校,1,12,学習費総額,学校教育費,学校教育費,校外学習費,42835.0
私立,中学校,1,12,学習費総額,学校教育費,学校教育費,学級・児童会・生徒会費,11356.0
私立,中学校,1,12,学習費総額,学校教育費,学校教育費,その他の学校納付金,30051.0
私立,中学校,1,12,学習費総額,学校教育費,学校教育費,PTA会費,11167.0
私立,中学校,1,12,学習費総額,学校教育費,学校教育費,後援会費,9049.0
私立,中学校,1,12,学習費総額,学校教育費,学校教育費,寄附金,21665.0
私立,中学校,1,12,学習費総額,学校教育費,学校教育費,教科書費・教科書以外の図書費,60104.0
私立,中学校,1,12,学習費総額,学校教育費,学校教育費,学用品・実験実習材料費,74042.0
私立,中学校,1,12,学習費総額,学校教育費,学校教育費,教科外活動費,66453.0
私立,中学校,1,12,学習費総額,学校教育費,学校教育費,通学費,95804.0
私立,中学校,1,12,学習費総額,学校教育費,学校教育費,制服,116097.0
私立,中学校,1,12,学習費総額,学校教育費,学校教育費,通学用品費,34019.0
私立,中学校,1,12,学習費総額,学校教育費,学校教育費,その他学校教育費,17917.0
私立,中学校,1,12,学習費総額,学校給食費,学校給食費,学校給食費,9507.0
私立,中学校,1,12,学習費総額,学校外活動費,補助学習費,家庭内学習費,44914.0
私立,中学校,1,12,学習費総額,学校外活動費,補助学習費,通信教育・家庭教師費,31270.0
私立,中学校,1,12,学習費総額,学校外活動費,補助学習費,学習塾費,151796.0
私立,中学校,1,12,学習費総額,学校外活動費,補助学習費,その他補助学習費,7969.0
私立,中学校,1,12,学習費総額,学校外活動費,その他の学校外活動費,体験活動・地域活動,16822.0
私立,中学校,1,12,学習費総額,学校外活動費,その他の学校外活動費,芸術文化活動,37555.0
私立,中学校,1,12,学習費総額,学校外活動費,その他の学校外活動費,スポーツ・レクリエーション活動,30001.0
私立,中学校,1,12,学習費総額,学校外活動費,その他の学校外活動費,国際交流体験活動,13529.0
私立,中学校,1,12,学習費総額,学校外活動費,その他の学校外活動費,教養・その他,37700.0
私立,中学校,2,13,学習費総額,学校教育費,学校教育費,入学金・入園料,0.0
私立,中学校,2,13,学習費総額,学校教育費,学校教育費,入学時に納付した施設整備費等,0.0
私立,中学校,2,13,学習費総額,学校教育費,学校教育費,入学検定料,0.0
私立,中学校,2,13,学習費総額,学校教育費,学校教育費,授業料,453420.0
私立,中学校,2,13,学習費総額,学校教育費,学校教育費,施設整備費等,114433.0
私立,中学校,2,13,学習費総額,学校教育費,学校教育費,修学旅行費,18821.0
私立,中学校,2,13,学習費総額,学校教育費,学校教育費,校外学習費,31505.0
私立,中学校,2,13,学習費総額,学校教育費,学校教育費,学級・児童会・生徒会費,10644.0
私立,中学校,2,13,学習費総額,学校教育費,学校教育費,その他の学校納付金,24304.0
私立,中学校,2,13,学習費総額,学校教育費,学校教育費,PTA会費,7565.0
私立,中学校,2,13,学習費総額,学校教育費,学校教育費,後援会費,6559.0
私立,中学校,2,13,学習費総額,学校教育費,学校教育費,寄附金,8983.0
私立,中学校,2,13,学習費総額,学校教育費,学校教育費,教科書費・教科書以外の図書費,35261.0
私立,中学校,2,13,学習費総額,学校教育費,学校教育費,学用品・実験実習材料費,21524.0
私立,中学校,2,13,学習費総額,学校教育費,学校教育費,教科外活動費,62402.0
私立,中学校,2,13,学習費総額,学校教育費,学校教育費,通学費,81434.0
私立,中学校,2,13,学習費総額,学校教育費,学校教育費,制服,15739.0
私立,中学校,2,13,学習費総額,学校教育費,学校教育費,通学用品費,10005.0
私立,中学校,2,13,学習費総額,学校教育費,学校教育費,その他学校教育費,7780.0
私立,中学校,2,13,学習費総額,学校給食費,学校給食費,学校給食費,9545.0
私立,中学校,2,13,学習費総額,学校外活動費,補助学習費,家庭内学習費,16758.0
私立,中学校,2,13,学習費総額,学校外活動費,補助学習費,通信教育・家庭教師費,32369.0
私立,中学校,2,13,学習費総額,学校外活動費,補助学習費,学習塾費,151425.0
私立,中学校,2,13,学習費総額,学校外活動費,補助学習費,その他補助学習費,7918.0
私立,中学校,2,13,学習費総額,学校外活動費,その他の学校外活動費,体験活動・地域活動,7702.0
私立,中学校,2,13,学習費総額,学校外活動費,その他の学校外活動費,芸術文化活動,58542.0
私立,中学校,2,13,学習費総額,学校外活動費,その他の学校外活動費,スポーツ・レクリエーション活動,30640.0
私立,中学校,2,13,学習費総額,学校外活動費,その他の学校外活動費,国際交流体験活動,31869.0
私立,中学校,2,13,学習費総額,学校外活動費,その他の学校外活動費,教養・その他,24833.0
私立,中学校,3,14,学習費総額,学校教育費,学校教育費,入学金・入園料,0.0
私立,中学校,3,14,学習費総額,学校教育費,学校教育費,入学時に納付した施設整備費等,0.0
私立,中学校,3,14,学習費総額,学校教育費,学校教育費,入学検定料,0.0
私立,中学校,3,14,学習費総額,学校教育費,学校教育費,授業料,468917.0
私立,中学校,3,14,学習費総額,学校教育費,学校教育費,施設整備費等,111516.0
私立,中学校,3,14,学習費総額,学校教育費,学校教育費,修学旅行費,78679.0
私立,中学校,3,14,学習費総額,学校教育費,学校教育費,校外学習費,25115.0
私立,中学校,3,14,学習費総額,学校教育費,学校教育費,学級・児童会・生徒会費,11900.0
私立,中学校,3,14,学習費総額,学校教育費,学校教育費,その他の学校納付金,18882.0
私立,中学校,3,14,学習費総額,学校教育費,学校教育費,PTA会費,8954.0
私立,中学校,3,14,学習費総額,学校教育費,学校教育費,後援会費,5972.0
私立,中学校,3,14,学習費総額,学校教育費,学校教育費,寄附金,8205.0
私立,中学校,3,14,学習費総額,学校教育費,学校教育費,教科書費・教科書以外の図書費,28384.0
私立,中学校,3,14,学習費総額,学校教育費,学校教育費,学用品・実験実習材料費,18889.0
私立,中学校,3,14,学習費総額,学校教育費,学校教育費,教科外活動費,66531.0
私立,中学校,3,14,学習費総額,学校教育費,学校教育費,通学費,77588.0
私立,中学校,3,14,学習費総額,学校教育費,学校教育費,制服,20925.0
私立,中学校,3,14,学習費総額,学校教育費,学校教育費,通学用品費,10763.0
私立,中学校,3,14,学習費総額,学校教育費,学校教育費,その他学校教育費,10439.0
私立,中学校,3,14,学習費総額,学校給食費,学校給食費,学校給食費,8885.0
私立,中学校,3,14,学習費総額,学校外活動費,補助学習費,家庭内学習費,24187.0
私立,中学校,3,14,学習費総額,学校外活動費,補助学習費,通信教育・家庭教師費,30504.0
私立,中学校,3,14,学習費総額,学校外活動費,補助学習費,学習塾費,202127.0
私立,中学校,3,14,学習費総額,学校外活動費,補助学習費,その他補助学習費,10389.0
私立,中学校,3,14,学習費総額,学校外活動費,その他の学校外活動費,体験活動・地域活動,6104.0
私立,中学校,3,14,学習費総額,学校外活動費,その他の学校外活動費,芸術文化活動,32192.0
私立,中学校,3,14,学習費総額,学校外活動費,その他の学校外活動費,スポーツ・レクリエーション活動,36985.0
私立,中学校,3,14,学習費総額,学校外活動費,その他の学校外活動費,国際交流体験活動,157515.0
私立,中学校,3,14,学習費総額,学校外活動費,その他の学校外活動費,教養・その他,39223.0
私立,高等学校（全日制）,1,15,学習費総額,学校教育費,学校教育費,入学金・入園料,139845.0
私立,高等学校（全日制）,1,15,学習費総額,学校教育費,学校教育費,入学時に納付した施設整備費等,69844.0
私立,高等学校（全日制）,1,15,学習費総額,学校教育費,学校教育費,入学検定料,20668.0
私立,高等学校（全日制）,1,15,学習費総額,学校教育費,学校教育費,授業料,236189.0
私立,高等学校（全日制）,1,15,学習費総額,学校教育費,学校教育費,施設整備費等,47315.0
私立,高等学校（全日制）,1,15,学習費総額,学校教育費,学校教育費,修学旅行費,3492.0
私立,高等学校（全日制）,1,15,学習費総額,学校教育費,学校教育費,校外学習費,17392.0
私立,高等学校（全日制）,1,15,学習費総額,学校教育費,学校教育費,学級・児童会・生徒会費,13898.0
私立,高等学校（全日制）,1,15,学習費総額,学校教育費,学校教育費,その他の学校納付金,26833.0
私立,高等学校（全日制）,1,15,学習費総額,学校教育費,学校教育費,PTA会費,9096.0
私立,高等学校（全日制）,1,15,学習費総額,学校教育費,学校教育費,後援会費,9701.0
私立,高等学校（全日制）,1,15,学習費総額,学校教育費,学校教育費,寄附金,2420.0
私立,高等学校（全日制）,1,15,学習費総額,学校教育費,学校教育費,教科書費・教科書以外の図書費,59528.0
私立,高等学校（全日制）,1,15,学習費総額,学校教育費,学校教育費,学用品・実験実習材料費,58011.0
私立,高等学校（全日制）,1,15,学習費総額,学校教育費,学校教育費,教科外活動費,78924.0
私立,高等学校（全日制）,1,15,学習費総額,学校教育費,学校教育費,通学費,108599.0
私立,高等学校（全日制）,1,15,学習費総額,学校教育費,学校教育費,制服,105355.0
私立,高等学校（全日制）,1,15,学習費総額,学校教育費,学校教育費,通学用品費,25405.0
私立,高等学校（全日制）,1,15,学習費総額,学校教育費,学校教育費,その他学校教育費,10714.0
私立,高等学校（全日制）,1,15,学習費総額,学校給食費,学校給食費,学校給食費,0.0
私立,高等学校（全日制）,1,15,学習費総額,学校外活動費,補助学習費,家庭内学習費,29074.0
私立,高等学校（全日制）,1,15,学習費総額,学校外活動費,補助学習費,通信教育・家庭教師費,16864.0
私立,高等学校（全日制）,1,15,学習費総額,学校外活動費,補助学習費,学習塾費,79870.0
私立,高等学校（全日制）,1,15,学習費総額,学校外活動費,補助学習費,その他補助学習費,9006.0
私立,高等学校（全日制）,1,15,学習費総額,学校外活動費,その他の学校外活動費,体験活動・地域活動,3951.0
私立,高等学校（全日制）,1,15,学習費総額,学校外活動費,その他の学校外活動費,芸術文化活動,10518.0
私立,高等学校（全日制）,1,15,学習費総額,学校外活動費,その他の学校外活動費,スポーツ・レクリエーション活動,20539.0
私立,高等学校（全日制）,1,15,学習費総額,学校外活動費,その他の学校外活動費,国際交流体験活動,46990.0
私立,高等学校（全日制）,1,15,学習費総額,学校外活動費,その他の学校外活動費,教養・その他,14233.0
私立,高等学校（全日制）,2,16,学習費総額,学校教育費,学校教育費,入学金・入園料,0.0
私立,高等学校（全日制）,2,16,学習費総額,学校教育費,学校教育費,入学時に納付した施設整備費等,0.0
私立,高等学校（全日制）,2,16,学習費総額,学校教育費,学校教育費,入学検定料,0.0
私立,高等学校（全日制）,2,16,学習費総額,学校教育費,学校教育費,授業料,234088.0
私立,高等学校（全日制）,2,16,学習費総額,学校教育費,学校教育費,施設整備費等,54184.0
私立,高等学校（全日制）,2,16,学習費総額,学校教育費,学校教育費,修学旅行費,129013.0
私立,高等学校（全日制）,2,16,学習費総額,学校教育費,学校教育費,校外学習費,8274.0
私立,高等学校（全日制）,2,16,学習費総額,学校教育費,学校教育費,学級・児童会・生徒会費,12107.0
私立,高等学校（全日制）,2,16,学習費総額,学校教育費,学校教育費,その他の学校納付金,23376.0
私立,高等学校（全日制）,2,16,学習費総額,学校教育費,学校教育費,PTA会費,6524.0
私立,高等学校（全日制）,2,16,学習費総額,学校教育費,学校教育費,後援会費,9007.0
私立,高等学校（全日制）,2,16,学習費総額,学校教育費,学校教育費,寄附金,4392.0
私立,高等学校（全日制）,2,16,学習費総額,学校教育費,学校教育費,教科書費・教科書以外の図書費,35746.0
私立,高等学校（全日制）,2,16,学習費総額,学校教育費,学校教育費,学用品・実験実習材料費,18784.0
私立,高等学校（全日制）,2,16,学習費総額,学校教育費,学校教育費,教科外活動費,54078.0
私立,高等学校（全日制）,2,16,学習費総額,学校教育費,学校教育費,通学費,81102.0
私立,高等学校（全日制）,2,16,学習費総額,学校教育費,学校教育費,制服,10975.0
私立,高等学校（全日制）,2,16,学習費総額,学校教育費,学校教育費,通学用品費,7969.0
私立,高等学校（全日制）,2,16,学習費総額,学校教育費,学校教育費,その他学校教育費,3794.0
私立,高等学校（全日制）,2,16,学習費総額,学校給食費,学校給食費,学校給食費,0.0
私立,高等学校（全日制）,2,16,学習費総額,学校外活動費,補助学習費,家庭内学習費,16550.0
私立,高等学校（全日制）,2,16,学習費総額,学校外活動費,補助学習費,通信教育・家庭教師費,20920.0
私立,高等学校（全日制）,2,16,学習費総額,学校外活動費,補助学習費,学習塾費,120900.0
私立,高等学校（全日制）,2,16,学習費総額,学校外活動費,補助学習費,その他補助学習費,10934.0
私立,高等学校（全日制）,2,16,学習費総額,学校外活動費,その他の学校外活動費,体験活動・地域活動,3155.0
私立,高等学校（全日制）,2,16,学習費総額,学校外活動費,その他の学校外活動費,芸術文化活動,14194.0
私立,高等学校（全日制）,2,16,学習費総額,学校外活動費,その他の学校外活動費,スポーツ・レクリエーション活動,14207.0
私立,高等学校（全日制）,2,16,学習費総額,学校外活動費,その他の学校外活動費,国際交流体験活動,66404.0
私立,高等学校（全日制）,2,16,学習費総額,学校外活動費,その他の学校外活動費,教養・その他,17832.0
私立,高等学校（全日制）,3,17,学習費総額,学校教育費,学校教育費,入学金・入園料,0.0
私立,高等学校（全日制）,3,17,学習費総額,学校教育費,学校教育費,入学時に納付した施設整備費等,0.0
私立,高等学校（全日制）,3,17,学習費総額,学校教育費,学校教育費,入学検定料,0.0
私立,高等学校（全日制）,3,17,学習費総額,学校教育費,学校教育費,授業料,228800.0
私立,高等学校（全日制）,3,17,学習費総額,学校教育費,学校教育費,施設整備費等,61966.0
私立,高等学校（全日制）,3,17,学習費総額,学校教育費,学校教育費,修学旅行費,12830.0
私立,高等学校（全日制）,3,17,学習費総額,学校教育費,学校教育費,校外学習費,6593.0
私立,高等学校（全日制）,3,17,学習費総額,学校教育費,学校教育費,学級・児童会・生徒会費,11237.0
私立,高等学校（全日制）,3,17,学習費総額,学校教育費,学校教育費,その他の学校納付金,18013.0
私立,高等学校（全日制）,3,17,学習費総額,学校教育費,学校教育費,PTA会費,8347.0
私立,高等学校（全日制）,3,17,学習費総額,学校教育費,学校教育費,後援会費,8606.0
私立,高等学校（全日制）,3,17,学習費総額,学校教育費,学校教育費,寄附金,10026.0
私立,高等学校（全日制）,3,17,学習費総額,学校教育費,学校教育費,教科書費・教科書以外の図書費,31182.0
私立,高等学校（全日制）,3,17,学習費総額,学校教育費,学校教育費,学用品・実験実習材料費,18428.0
私立,高等学校（全日制）,3,17,学習費総額,学校教育費,学校教育費,教科外活動費,36094.0
私立,高等学校（全日制）,3,17,学習費総額,学校教育費,学校教育費,通学費,69045.0
私立,高等学校（全日制）,3,17,学習費総額,学校教育費,学校教育費,制服,8285.0
私立,高等学校（全日制）,3,17,学習費総額,学校教育費,学校教育費,通学用品費,6650.0
私立,高等学校（全日制）,3,17,学習費総額,学校教育費,学校教育費,その他学校教育費,11786.0
私立,高等学校（全日制）,3,17,学習費総額,学校給食費,学校給食費,学校給食費,0.0
私立,高等学校（全日制）,3,17,学習費総額,学校外活動費,補助学習費,家庭内学習費,33013.0
私立,高等学校（全日制）,3,17,学習費総額,学校外活動費,補助学習費,通信教育・家庭教師費,17908.0
私立,高等学校（全日制）,3,17,学習費総額,学校外活動費,補助学習費,学習塾費,138930.0
私立,高等学校（全日制）,3,17,学習費総額,学校外活動費,補助学習費,その他補助学習費,24127.0
私立,高等学校（全日制）,3,17,学習費総額,学校外活動費,その他の学校外活動費,体験活動・地域活動,2587.0
私立,高等学校（全日制）,3,17,学習費総額,学校外活動費,その他の学校外活動費,芸術文化活動,9612.0
私立,高等学校（全日制）,3,17,学習費総額,学校外活動費,その他の学校外活動費,スポーツ・レクリエーション活動,8830.0
私立,高等学校（全日制）,3,17,学習費総額,学校外活動費,その他の学校外活動費,国際交流体験活動,22736.0
私立,高等学校（全日制）,3,17,学習費総額,学校外活動費,その他の学校外活動費,教養・その他,18821.0
